bloodbank_2244@gmail.com	ZYBh'GDO]!5NEl{
bloodbank_4890@yahoo.com	\p0\,Uml%
bloodbank_4841@outlook.com	s!GU2'
bloodbank_4949@outlook.com	l?r\(w,zg4f]Ua
bloodbank_1378@yahoo.com	DRk%?Zs{^2
bloodbank_576@outlook.com	$ZuvWhKo/522G(
bloodbank_3937@yahoo.com	V:^Ky&taGKL$a+]w-
bloodbank_2797@gmail.com	j=A&$kF()
bloodbank_1790@gmail.com	2'HO;B\`^P@
bloodbank_1773@yahoo.com	Q:',E[jHXif
bloodbank_1748@gmail.com	?*aY&5V
bloodbank_335@gmail.com	7#@.m(`.f8
bloodbank_4712@gmail.com	00CM:Z8CW}l
bloodbank_4395@outlook.com	Y#oU8,:;ys$
bloodbank_3943@gmail.com	D+D2Ae)1FrH"KqPUI
bloodbank_1577@outlook.com	]%q.27\!
bloodbank_432@yahoo.com	K?%`R-1+Ys-*-5
bloodbank_2867@outlook.com	vhegBr3_Rx:Ty;y
bloodbank_1576@gmail.com	?VZ{QcM
bloodbank_2139@outlook.com	JfRz@BH*cEWzk%<
bloodbank_1226@gmail.com	=*!`;|4lv
bloodbank_738@yahoo.com	!^}y<fnV)I
bloodbank_3876@yahoo.com	8[LfWx<J@jWaJ?l-
bloodbank_159@yahoo.com	H#Ig9YC
bloodbank_2866@outlook.com	'.i5|Y
bloodbank_3173@outlook.com	e^xCN\[^.0
bloodbank_577@gmail.com	VmuAHZ54
bloodbank_4228@outlook.com	?I)}B\oFz5FwxM7v)l
bloodbank_3809@gmail.com	f{}e:*i,z:JdYp0t#
bloodbank_567@yahoo.com	4yZMSsEDYf!)ENc=v
bloodbank_2208@gmail.com	3.Y}hH#DQhhGSB1^9}
bloodbank_4891@outlook.com	ENrTJ.@%[e^/w{KD`d^
bloodbank_440@outlook.com	aLYe-I
bloodbank_2465@outlook.com	rUwd.l02!lxGy,B7(b
bloodbank_428@gmail.com	XMd1r^bq&nc"K
bloodbank_1595@yahoo.com	.vD$W-;g|#JnB_W+
bloodbank_4775@gmail.com	l|DJ!kC5!SVWo
bloodbank_2279@gmail.com	`MxNQ<c}kc-;TnAn\C
bloodbank_611@outlook.com	4c$B3H@(>
bloodbank_4109@gmail.com	gsx",R=ixLWGXGSV
bloodbank_1229@outlook.com	!TyW[Fqwa-@
bloodbank_3366@gmail.com	j<&ibz8\
bloodbank_4884@outlook.com	H3;=gv
bloodbank_3820@yahoo.com	{6Etv8dGg<>f"5>
bloodbank_4475@yahoo.com	c{A{T(B
bloodbank_1005@yahoo.com	ky2IH%nJAQb|k$si
bloodbank_3494@yahoo.com	|e_.:mTad
bloodbank_1897@yahoo.com	3|h?%$sPiW:E;_!gw
bloodbank_4527@yahoo.com	.pDOH`EbHRL
bloodbank_3383@outlook.com	;|i_CQ}ymoyG`wk&da
bloodbank_342@yahoo.com	0/`D%97'R;
bloodbank_1579@outlook.com	jVie@16BeqH?|,
bloodbank_1497@outlook.com	4!f/5Hb(/y
bloodbank_4043@yahoo.com	"Pd%x;2$>CC>gCx)n'
