Sara_Lewis_1328@yahoo.com	Lmeqie!
Larry_Thompson_407@yahoo.com	/rMCTiL-30@#
Jason_Harris_1659@yahoo.com	$"6,t`O=.=)jIZ,
Carol_Martinez_2687@yahoo.com	F@iPV`{J_JpuA'E8/n
Angela_Miller_2324@gmail.com	5y+s5mZS9.
Logan_Garcia_1840@yahoo.com	X%!Ipp@R}%*cQ?
Dorothy_Davis_2447@gmail.com	gh;Wk5I6)0$RzK,;s;5
William_Rodriguez_2456@yahoo.com	'z<ySxaL8|aS
Joan_Thompson_1616@yahoo.com	^@1-uy9AqZ
Donald_Moore_325@gmail.com	M$EwsM{]#]T
Alexander_Johnson_2258@gmail.com	utQs?:qQe51|GGWm|
catherine_miller_356@outlook.com	K=[7pC{e)ykRz}b
matthew_martin_2627@outlook.com	9Y*?rok4
lawrence_anderson_642@gmail.com	Ge#<Yw=bEPNW@&p
hannah_miller_1847@gmail.com	R&b{t75X"q>#
jennifer_lewis_2809@outlook.com	X"#Ae:\
joshua_thompson_42@gmail.com	3:di4v
christian_martin_668@gmail.com	4l<EBbx^mPNeSDt
andrea_jackson_1504@gmail.com	oWD13e=]#SCcF&uU3d
gabriel_thomas_818@outlook.com	L"7TNs
stephanie_perez_2902@outlook.com	'1J_XB=u<1P@
