92dc8b1b32f460141a6352ed357eae81@yahoo.com	lpI`ZE4|!G\D3
48fa8b8ae10346984efb8eba7060452e@gmail.com	e*oL_OXbS
ba2111392b189ee7126a0eb959b2c497@yahoo.com	X4Fsq{*6?qC|6Mw<$+4
1de32cca10b8af0ad36e3f399c7a030a@gmail.com	v,CKV&PYNi2|j:L
481b989ff68138082a550f5bc15fe0a9@gmail.com	"U6DNxBUR8Ds
diana_sanchez_2414@yahoo.com	\ye6x1al9Y_r
julie_jackson_313@gmail.com	lw+'S4
amanda_harris_608@yahoo.com	hk[,){
george_anderson_856@outlook.com	D.e?X3+??/OJDK
brian_miller_1471@yahoo.com	"HX1IPJ9F)v
diane_lee_502@yahoo.com	8[g-)Swz!S6D\>/mP^!
amy_wilson_589@yahoo.com	#lOw1B^
charles_white_1510@yahoo.com	g5^.wOv}i}2p.i
donald_jones_1819@gmail.com	vtLFb|
billy_harris_1996@yahoo.com	<EW(1<,k*TY}o]So{
madison_perez_1717@outlook.com	s_I}/[fnSxm/
michelle_martin_360@yahoo.com	itk#TeU5\g6UxC'*
karen_williams_114@yahoo.com	l&G'>$C9[VsStYfk<
madison_anderson_1642@outlook.com	ld,RBdK<T*u
tiffany_brown_333@gmail.com	m27)5&&B=cCSRT
roger_perez_2267@gmail.com	*0]?-]`#@M'#X"-8
theresa_smith_889@gmail.com	&{3ehWTXC*DJxAbU
alice_white_2890@yahoo.com	evu8XQX
aaron_perez_2207@yahoo.com	,N3hASwnP+V'
bradley_lewis_1929@gmail.com	'myc)69dJ!5ywO[(
nancy_jackson_1795@yahoo.com	oEI=LieptBT
george_perez_974@outlook.com	$9x+5+N8OG+{B<
ronald_taylor_1477@gmail.com	eyRk2E(<5BL}
karen_miller_611@outlook.com	Q&*PiT&PRXsf
brenda_white_2554@outlook.com	DVPuEvF+%nc-.}pQw
scott_wilson_2671@yahoo.com	V,PQA&tOF%;{L31G@`
george_miller_2844@gmail.com	dP''w!qySqlkt>B
john_perez_1876@gmail.com	?+lnBs[UO:)n$([G&9-
carol_brown_535@outlook.com	wP|GsWLn(\oB\L*0{
samuel_clark_287@gmail.com	&}}&o8S5n
marilyn_davis_1853@yahoo.com	{xof_)|O1T#
abigail_moore_1873@outlook.com	%/K6S>sxjJade5gG<C
stephen_garcia_1168@yahoo.com	B9BpS?
austin_davis_921@yahoo.com	^};beM;M]AXF
roy_smith_1275@yahoo.com	=1Hwl{`RIxw
theresa_anderson_2085@outlook.com	U;jL`Y5<_2
mary_martin_385@yahoo.com	JY7"kW=z1=GK1m3A
julia_garcia_2120@yahoo.com	4j<4GY[*m)G
george_thompson_2209@gmail.com	d^\Nr'|)^+>fU#
jose_johnson_1009@gmail.com	^#3-r<7_/;@9
kelly_johnson_763@outlook.com	mk6(fi1POJwe:k@
kimberly_thompson_1021@outlook.com	Y7Gk(u/-Oq-h|%c
charles_clark_2021@gmail.com	OaP`4Itv*o%g%tW
richard_thomas_1538@gmail.com	Aw97_{FO(Nrtf(oWm&
carl_miller_2758@yahoo.com	U]uZdh*^xpEv!VIV,"
matthew_martin_1923@gmail.com	uonmtX-Pa!s3"n'ur`]
beverly_davis_2629@outlook.com	j<k,9!
jeffrey_garcia_86@yahoo.com	?MkA7mD_K3j2,ZcyOq
danielle_martinez_1683@gmail.com	LWnZNWb>A
david_johnson_467@gmail.com	:nhY7Y"}J=-h
bruce_jackson_1277@outlook.com	J1yGR+[Ai*d7=1Lykc
susan_williams_704@outlook.com	M<<p3t*
kyle_wilson_1433@yahoo.com	4Z@eQ%>"5%P{f
austin_perez_2253@yahoo.com	9HO)Uj"
matthew_jackson_1257@yahoo.com	25TK/;-Em=`M@
brandon_taylor_1608@outlook.com	'{]/1uEfYiH
carl_jones_1822@outlook.com	yY!d_bX:]-2\=h1a}y
julia_perez_284@gmail.com	4IWGi)>
anthony_harris_2935@yahoo.com	Hp'tj+%rvKThl9>UFk
vincent_taylor_752@yahoo.com	(eo3#u|,rJ@`66Sk+W
vincent_lewis_611@gmail.com	5-;.IrSN`;W[J<[z?
joe_martin_558@outlook.com	B;QNr72+j
gloria_lee_1610@gmail.com	qnz"(\C/H
grace_wilson_2525@yahoo.com	S(v_EY<p@(Uf,FE(S
joshua_thomas_924@gmail.com	3G/1(xJO_G+g/J
joseph_moore_1672@outlook.com	ePq_Ck,Guf*p84-Bx^d
steven_jones_350@gmail.com	I^)Lu$K]
anna_davis_751@yahoo.com	3mUzGc%Z
christina_clark_2912@gmail.com	e#p8rMt5)N!NqD4+W5
amy_johnson_2352@yahoo.com	j)G|$fjfKVG3zYM
ashley_garcia_2481@gmail.com	x4?HiP
jessica_white_1821@outlook.com	+n\xE|@7=&^2[}6r
judith_jones_991@yahoo.com	EJ2L{.^t]8
ruth_thompson_2500@yahoo.com	hQhNM&AU*0FYuQx$>7c
brittany_moore_872@outlook.com	q{p6Y#NJ!X<^aJ
dennis_martin_2158@gmail.com	aTY1`a__6
alexis_taylor_703@outlook.com	0r+PM;o
kenneth_rodriguez_1825@outlook.com	&=v1y9}DX
hannah_perez_2374@outlook.com	<`j<2*WGhvr0fN9No5]
janice_sanchez_2051@outlook.com	mayk#H2
rachel_harris_647@yahoo.com	x}:htAR'Mr<
madison_harris_1057@outlook.com	;I'F{Uy^
jacqueline_sanchez_172@yahoo.com	]H}p/zDU
mark_jackson_1441@gmail.com	a,Ah{Cm7
angela_martinez_1413@gmail.com	O/4$..z!C;o46vh.9<
melissa_davis_1292@gmail.com	'yV@8W)gw(-e7"xD^c
lawrence_sanchez_1824@yahoo.com	9Y8yUd=dmOfgl
heather_wilson_2220@outlook.com	o_v}w?.;X(',3
carolyn_williams_174@outlook.com	:l8UriIe'p,UT&+
betty_brown_1875@gmail.com	-Z$LHVpJ-@GVCWF;
shirley_brown_1565@outlook.com	f*VgQF;E|Q:[
anna_thomas_2085@gmail.com	J"'xn-dNp)
cheryl_miller_943@gmail.com	6bnH?S
ryan_lee_1143@yahoo.com	T+u4GoW&
william_miller_180@gmail.com	%q#aG\0SD]I
jeremy_perez_1554@yahoo.com	1/h:tV@\h6=3TEV`
christina_lewis_799@outlook.com	KrUT"_[q29
helen_harris_1492@outlook.com	!Uid):(UU+D/N`Y*
roy_thomas_2273@outlook.com	E&,XH],3fL%Yan?ug\=
roy_jackson_2570@gmail.com	{*o$Yg'Ph|E6@/9
jason_clark_1329@gmail.com	Pk073L:(-$+_7'zA<)5
jeffrey_wilson_2039@outlook.com	_I+wxXpn9jv2y1d?#
charlotte_garcia_113@outlook.com	V1PP\rd1>pb
logan_williams_1505@gmail.com	&^Q?#"J;s*WW
anthony_smith_2582@outlook.com	NqO[0MNJ'8HT:
peter_white_454@outlook.com	'EaSQ}\
andrew_lewis_1733@outlook.com	|{c%q)z
justin_taylor_2786@gmail.com	9,1E?0m,Z1zEH
stephanie_thompson_653@outlook.com	x}Hb!=r(4&Cb
ryan_martin_2012@gmail.com	)K]$ldGerhh
willie_thompson_575@yahoo.com	2C"s>!h'j1\%>c<6x&V
heather_lee_2034@yahoo.com	&$<<8bb;ebK)
margaret_white_2482@outlook.com	pwH|_Y98F
donald_sanchez_2309@outlook.com	jA<PY>aE/L}deuNZ
charlotte_davis_1848@outlook.com	h"E-XW2Xq
jack_smith_2052@outlook.com	B71>CU.
jacob_martin_2083@gmail.com	=_V+t_Wx}sKK*f[
mark_thomas_732@gmail.com	T#F??zB<
laura_jones_178@outlook.com	IZV5%/-.
richard_thomas_818@yahoo.com	U[yp^D{`b)lwe.n2
peter_thomas_1323@yahoo.com	d_z?<95]>mt;y"v
anthony_perez_694@gmail.com	2'6KbP!xHw$8
frank_brown_1655@yahoo.com	t}G*4"mi3_!5\
timothy_harris_1136@gmail.com	=`0.@:%4I0dz4p%b(Nn
rachel_thompson_553@outlook.com	R[&VnFE:]Z)
harold_williams_1157@yahoo.com	A3.b=6&Rm8I<<
marilyn_davis_2563@gmail.com	Uo0]p"&n#9DTST_&,#
donald_jackson_2535@outlook.com	B&?4l|O2_B
mason_johnson_165@gmail.com	bo"|!]VSx9A8"`zN
kathryn_smith_2025@gmail.com	B5q2u%AO3=L-/
marilyn_lee_127@yahoo.com	+J*Iu)W*Y,b9i5N
aaron_clark_1422@gmail.com	%^l<*ESN@
joyce_white_122@yahoo.com	=5{}f!ZV0)O{-iDiiJ<
lucas_white_2322@outlook.com	j(@L{R|mIjua(/w&@F}
gloria_jackson_1085@yahoo.com	A%@^C}Q6&|$sR#%FXzt
roy_miller_301@yahoo.com	}|@Eay\RxzV
debra_sanchez_195@gmail.com	ryTO^'EgLzbS)(
lucas_wilson_1847@yahoo.com	DL4(XrK\iojwr`
kathleen_anderson_2158@gmail.com	`6/pyfLLI.8M
alexis_rodriguez_2379@yahoo.com	5-[d`_,};9
elizabeth_davis_378@yahoo.com	jU-#xRV1x]!"HK
cynthia_lee_106@outlook.com	^IuJlGq6${"Dw6n
andrea_lewis_1187@yahoo.com	Pmyl}m7^
nancy_anderson_694@yahoo.com	Ec@<MbAXe`bG
lauren_brown_934@outlook.com	(eRTWbB<:+KU
jonathan_jackson_76@yahoo.com	u^5YnU
eric_jones_2900@gmail.com	CJH&ve2oF#]z`
brenda_thomas_1077@gmail.com	J1PJ&`-Zir]
jason_rodriguez_2857@outlook.com	},<}zn=)&/hbC
nancy_rodriguez_631@outlook.com	ecZ3<]B}2T.9I5@D
lucas_garcia_1104@yahoo.com	IOeWg<jv.x3)T?8
vincent_thomas_656@gmail.com	1i!9n.<P2iBRHd2A\V]
vincent_taylor_1795@outlook.com	NCB+|3
jesse_johnson_2369@gmail.com	e&D=)Dm2O0
raymond_clark_2255@yahoo.com	ZJ++-V3},F
roy_davis_2583@yahoo.com	=<NXT\^aP1
roger_garcia_846@yahoo.com	$4hw;%#qG
andrew_white_1550@outlook.com	omtJg'/yZE
randy_moore_114@outlook.com	W,-xq}{|%=1
deborah_jones_1886@gmail.com	}gl|wP:.
albert_johnson_551@yahoo.com	G`o2xe+f6G
zachary_anderson_1542@gmail.com	\tc-4LnugR
maria_taylor_2040@outlook.com	4#Ge$6xc5nt[x]yL=B
stephen_jones_363@gmail.com	63U9RI
mason_sanchez_378@yahoo.com	@HRq@)W]0g!@j?#[zwH
melissa_brown_2130@gmail.com	y6$[z7D3$q6Umtw&d
jose_wilson_1066@gmail.com	W05"Cwy&6i@f$S#l>VK
joe_white_975@outlook.com	,u(CJw6
ronald_jones_2248@outlook.com	1fQ;B^CM;6l'8
maria_williams_2982@yahoo.com	z;3gQICr@mC
russell_sanchez_818@gmail.com	#043),PWd6sVA
austin_clark_2492@outlook.com	J"2zQy
hannah_clark_409@gmail.com	R6vn1HYH<9[}0
austin_clark_1146@yahoo.com	(//)|:/IZy'gs
jordan_perez_2416@gmail.com	p4pm.P1T
isabella_moore_552@yahoo.com	3);<!@C("W#cs
caleb_lee_590@gmail.com	pn_>bY
beverly_jones_2672@gmail.com	;:?OFatv.
kyle_rodriguez_792@outlook.com	'Tu/J;'27vx_f<c0^
dylan_williams_2309@outlook.com	|JP1[L/SR:P
kenneth_davis_1312@gmail.com	n8!mYC>rC7P
gerald_thomas_1690@yahoo.com	zu-4C3qv
gabriel_moore_678@gmail.com	H>3c@>P&^#ky
richard_sanchez_1840@gmail.com	(gAdk;#]fYa+8WE
andrew_lewis_863@gmail.com	#+$.0+(*
carol_white_2725@yahoo.com	-f+_OS]hkBl_p
nancy_white_2162@outlook.com	1:}d'-94qU[
katherine_white_2407@gmail.com	n'/}o"fU)f%/EyiVHP
christina_moore_2070@outlook.com	7arBw.'fs2vIY
alan_moore_1052@yahoo.com	H3bKF6CbMsLJFL
keith_white_280@yahoo.com	BUj.bV+j{N4
dorothy_davis_2962@yahoo.com	#?)cUqY
abigail_thomas_2367@gmail.com	C7WC4'bLIo()
debra_thomas_1085@outlook.com	uOAa]_(w/_w/zlL)
teresa_white_642@outlook.com	3b'xm8,
scott_taylor_505@gmail.com	]UG%5C
keith_perez_2973@outlook.com	2N{P-Uo-3.`uYNo
danielle_white_6@gmail.com	b*(PnP
karen_martinez_2411@yahoo.com	n*&%$Y@;S0suZ7
kelly_garcia_1851@yahoo.com	LM3H.,`'?aO6xC!f
dorothy_wilson_2783@outlook.com	W)x=D,/o(S8,[Y4Wgy'
anthony_white_2293@gmail.com	h3/BUslSg9ya?NN5mF
harold_clark_2308@outlook.com	QHq9nSR](a+zc'Em.7i
diane_brown_2141@yahoo.com	w!X%-RF.}3NDc7
paul_white_1627@yahoo.com	cGg|k<wRQ&13C_Xo
olivia_wilson_1060@yahoo.com	g5ZNG`]Ew7W*"
carl_smith_1579@gmail.com	iDCp[#b)/TVtTt
joyce_thompson_796@gmail.com	qMUlolr$
nicholas_anderson_1588@gmail.com	zmQDtwf/1g[m
grace_rodriguez_458@gmail.com	XkMQ#\%pc0!+Ly8k%E
elizabeth_jackson_527@outlook.com	;:4.Cv\8TG3@ZcFV@
jeffrey_white_2326@outlook.com	2JOhJtlLnBel}+O
sara_thomas_2519@outlook.com	a^/hN&Ujl3)Q<1|xL9
michael_williams_2784@yahoo.com	/]mJM=\FMvK)6Z2;H
angela_clark_227@yahoo.com	xyt[kTi]VAk>
caleb_garcia_1125@yahoo.com	lRV@oz`mnrPy$<sW
david_jones_190@outlook.com	kdb_ZaEL80Vo
olivia_thompson_1326@gmail.com	#PjH'0:
grace_harris_47@gmail.com	JRT#E:n1]
jack_taylor_982@gmail.com	-zjOh:GGF,y
lori_thomas_2013@yahoo.com	>1,>9me:DV`e3Rv\I9a
janice_smith_1435@outlook.com	/pvCsL
laura_rodriguez_871@gmail.com	J<bW8D|$BN:x]_*lc$
patricia_martin_1454@yahoo.com	VNge]%Am}7u(G
caleb_martinez_1609@gmail.com	QS/LPA|CkZe
bobby_johnson_1992@gmail.com	i:SqIPaq%T
jack_anderson_720@outlook.com	[j+n%|bo
michael_sanchez_1428@outlook.com	&*s)t:bop
andrea_jackson_257@gmail.com	T|JGG"1v$U
kathleen_martin_1272@gmail.com	x^nt=yO.#
frances_white_1531@gmail.com	^002ZIgLd{7d
jeffrey_thomas_2391@yahoo.com	nzLE$"j/
harold_lee_442@outlook.com	6H4-gDNF9V
sarah_rodriguez_2227@outlook.com	YS_'Fb?8"2\?
pamela_jackson_106@outlook.com	(`r!x!2-AHdZ`yA2
arthur_lewis_2587@yahoo.com	9LI2OX4JE3RL'G0
sara_lewis_1399@yahoo.com	'5%(Sc/l5=`g@m9
eric_perez_1785@gmail.com	KLww%^Gl!(6Q
susan_jones_2384@gmail.com	Or?z<LxiT);
john_garcia_1834@outlook.com	AqYUYe+zSUe(Mdf
katherine_johnson_1722@gmail.com	*'kRE!^q0
roy_lee_312@gmail.com	HM%vTY@a8
tiffany_garcia_1174@gmail.com	0IYt|?j`,L|xim=_:
ashley_miller_2023@gmail.com	drcGuRFc@Cl`d'
martha_perez_2420@outlook.com	CUg0V8i
donald_anderson_1693@gmail.com	}uZ/z!]EyZCmhW;
sharon_smith_1107@gmail.com	Y0I[/?jM[R.::aQ;l*
ann_brown_325@gmail.com	0/2|T:!eI
dorothy_lewis_2602@yahoo.com	ZX9;=vN.h#&D9{,#
elijah_davis_338@gmail.com	7Wsc-dR#Kru.wjq3i0J
diane_davis_2936@yahoo.com	y*wf)dk
timothy_moore_2795@outlook.com	7FrmCqZ
julia_brown_545@gmail.com	4R-33g+s9bm<MN_):r
mark_white_292@gmail.com	7xsr6*^j*B8F
david_smith_1943@yahoo.com	>.F^/&;s0]LU
billy_garcia_375@gmail.com	8|ZeK"fkP
willie_lee_712@outlook.com	_\711){kKA,ITxZ
sophia_smith_2448@gmail.com	4+}wVj{KkzCty-
joseph_clark_1372@yahoo.com	(_8Fv^g+@[=)54I
justin_wilson_67@yahoo.com	"8i;8#kNdC<
patricia_miller_1830@gmail.com	qTA}{t_I2'V{k
stephen_garcia_2753@yahoo.com	i&8Ne1jwyVga{N
isabella_perez_2428@outlook.com	MLUIK7jT
brittany_moore_2439@outlook.com	SQ?SgF
kathryn_white_435@yahoo.com	tr,kkl_I
timothy_lewis_724@gmail.com	04P\:GD^Iu
jacob_johnson_1092@gmail.com	{`z:X:];QD
juan_brown_764@gmail.com	n{^=r-Cg/7m),jz|)
hannah_perez_2754@yahoo.com	6?U7zk.]V
steven_lewis_1699@yahoo.com	<n7@B!J[|
stephen_thompson_2543@yahoo.com	lh3[J.3Jgr
liam_miller_426@yahoo.com	=#ol".<ko+3J
deborah_lewis_1542@outlook.com	JpC``6^aeO#M*D+|.}
jean_rodriguez_665@outlook.com	/G!Zv*2
albert_williams_1223@yahoo.com	7}5CJEjE/iKOR
denise_rodriguez_649@gmail.com	^lv\;'C8'.#*M7IOee
steven_thomas_2404@yahoo.com	Zj#;k5m]h=M4*x9
alexis_perez_2128@outlook.com	}+O>8$EI=7
david_thompson_2585@gmail.com	u@l\iNn\'-y
brenda_brown_195@gmail.com	2VuVy)%W;tP?Z`
lucas_sanchez_401@gmail.com	7i|T{v}_'7
betty_taylor_765@gmail.com	\^+Vg9$p6/n)8pjq]<S
andrew_wilson_1910@yahoo.com	1oLgS:%7=
gary_wilson_988@yahoo.com	6l697kk
theresa_white_879@yahoo.com	h.HEU<[BLd$U+q'3
laura_smith_2495@outlook.com	$cQnU|F
arthur_harris_416@gmail.com	-1OOxUyqO
bobby_johnson_1332@gmail.com	Pg0G8S
ryan_clark_557@gmail.com	>K%xQ7s1ZXv>
betty_smith_2551@outlook.com	*$&3Hn$
zachary_davis_500@yahoo.com	7dR5<.
douglas_smith_120@yahoo.com	mS\hJDvmI^)
kayla_davis_1484@gmail.com	xj7)O|RHj"r|/m3
aaron_lewis_1766@gmail.com	U!FE'j^5|jSO}"?F
jennifer_martin_276@outlook.com	PBS?%,cFZe!7(Rq
gloria_williams_260@outlook.com	A_9B2yBe7e"J={r
eric_miller_961@outlook.com	[eBJ"b(
anna_johnson_633@yahoo.com	_GhG`B{#u=NxP.
sean_davis_1550@gmail.com	_+E'|n6H7}KJB%2mC
denise_smith_1237@gmail.com	6;-{?A9iY(Mp<tBhP
vincent_jones_2003@outlook.com	f[SEPEbm
alexis_taylor_587@gmail.com	ybP},b!D3
sophia_moore_8@gmail.com	tfE|}_Gl^Wk,,5S{J
peter_brown_1141@yahoo.com	6pJF7]+:$8u:l
evelyn_miller_964@gmail.com	PHw9!Y0onH$V.O"7d
bryan_williams_1328@outlook.com	1hN}guqF
patrick_harris_1217@outlook.com	cHUAa!aBc]d%i&
victoria_johnson_1376@yahoo.com	mS(+PsniM/CU
patricia_thomas_1660@yahoo.com	E;w#XfwFKcw)(E,$
eric_brown_1616@yahoo.com	=|+mJlE6w1y&W
evelyn_martin_774@yahoo.com	IXfTQkU=Z
ronald_moore_804@outlook.com	xVzSv&fb[(O1P$
juan_miller_2147@gmail.com	J/['ng(
donald_jackson_2308@yahoo.com	V#k&KI.(D\
brian_rodriguez_1947@yahoo.com	o5,7S5Ah9.!ITs},!
shirley_lewis_2807@yahoo.com	A*U%Oz1nA?AW
karen_thomas_362@yahoo.com	NW|xN#
dylan_moore_2967@outlook.com	o(ryzO!lUtM7LmYyO
joe_garcia_1763@outlook.com	q:x"z=q$2}7
isabella_wilson_795@outlook.com	tb^<3%t_,ePf
liam_smith_1042@gmail.com	hne9YRH0P"sw7,
kevin_wilson_632@yahoo.com	nDUu5g
kevin_thompson_1987@yahoo.com	gmF/!'oO]qwEB{3
paul_davis_532@yahoo.com	+p<WpTInnNn
maria_sanchez_1982@yahoo.com	=?(+x|
ashley_johnson_1560@gmail.com	gi8VhG{
kayla_martinez_1989@outlook.com	?m](uRxYAQ33%
john_harris_2671@outlook.com	#?E{m?
sean_taylor_108@yahoo.com	|+#+z4"F=Qx,<Z
jack_thomas_1127@outlook.com	Zdt/NV
emma_moore_240@gmail.com	-UK{vt>]mSFMNJ6C
anthony_jackson_803@yahoo.com	DHN'Eo'GOBf)*n-%D
charles_martin_268@outlook.com	z)>jZaPudEDc';\P
cynthia_anderson_955@yahoo.com	/+jQW*,`*H9c:jG<)\X
ryan_smith_1146@gmail.com	Fd0g3"*,h%H^HA|Fi_s
melissa_white_1265@outlook.com	U)'uAYdA
gerald_brown_829@yahoo.com	<At)0!rRIjv"!<
ann_taylor_2594@outlook.com	y9T{R>Fg
richard_rodriguez_1535@gmail.com	d?Tk$v[
vincent_perez_418@gmail.com	NVV+PvYu_*WQ[$
billy_thomas_1526@gmail.com	Vf_`O/z
joseph_johnson_190@gmail.com	0XZX9N,WvWYJs"p)2(]
liam_brown_2153@outlook.com	1!\."/
donald_jackson_2806@yahoo.com	b+Po"#Pvxo$_E7
thomas_perez_144@gmail.com	:ivsf]S8<
christine_moore_2888@yahoo.com	;TTd!lWqGh
zachary_jones_495@outlook.com	y^2U@S
dylan_clark_6@gmail.com	|YDX2Nb
patricia_jones_2042@outlook.com	GWiRU|DR3
joan_thompson_1048@outlook.com	noM>Sy!|
cynthia_sanchez_726@outlook.com	;!|q:|
doris_anderson_1538@outlook.com	)v<>!W
denise_perez_114@outlook.com	tVdgDe;FQlNG(.u*E9
patrick_martin_360@outlook.com	=.TW9lZMLUU[DKwt
dorothy_garcia_2199@yahoo.com	CTX]B{(#Q?
alan_thomas_2705@yahoo.com	U_]Z&Z.(A_LEO
dennis_white_2501@yahoo.com	).yk\]*
karen_lee_2558@outlook.com	^A{Y+qyG[O?(ggL#+E6
patricia_harris_806@yahoo.com	?w`;@,M)Y]
judith_perez_2788@gmail.com	<HX|V<^\|
barbara_perez_1940@outlook.com	uglcIM|rz9|"E"r-<
isabella_wilson_964@outlook.com	PGVbwjM]R[-1g}!
maria_sanchez_597@gmail.com	MGsu1^G
carolyn_sanchez_2529@yahoo.com	?Edm(NEjC9yW"+oT
george_clark_2268@yahoo.com	6sQu*c\kj
madison_jones_1546@yahoo.com	dgGH3cZvb
joshua_brown_2798@yahoo.com	JdDFkE"5-gL,YG2
emma_taylor_1389@gmail.com	A7ZW'vtKTM6r
matthew_thomas_1434@gmail.com	T)P^l,$i)Z&B]M*B
denise_perez_515@yahoo.com	qmx__XaMXI.l
wayne_taylor_2820@outlook.com	m6w}6Of0T7q0c^<Qsm
james_brown_683@gmail.com	;s(Ih"83Q$8.L}FKMuw
nicholas_smith_1498@yahoo.com	xq{WeV?nF"z
jessica_moore_1366@gmail.com	a!j0@CU@XHz6q%$]
justin_rodriguez_451@outlook.com	9Df'Te/DY[ZU=#D*
gloria_miller_1074@gmail.com	tcz0`D{,uHfG7d,
doris_johnson_1714@yahoo.com	v)Q1|E?ovwwU,OonZRW
anna_williams_1780@outlook.com	eOi%RP
timothy_johnson_384@outlook.com	^7@Ul4-'u//nj
joe_davis_1734@yahoo.com	;[Hi|HXlw'yY(
rachel_thompson_1677@outlook.com	nHsBAI4K\
lori_thomas_260@yahoo.com	TU^];Py
nicole_thompson_2912@outlook.com	Z"DKwc^
tiffany_garcia_892@gmail.com	`UM;n4Ug&r+f
richard_martinez_1121@outlook.com	]-\<d9J>9>
william_martinez_992@gmail.com	ujsZGw(
henry_lee_2256@gmail.com	O87?0eEjYkf
christopher_rodriguez_1477@yahoo.com	v0ME;GX#m<>/
brenda_sanchez_1825@outlook.com	"j;8La#sW*5Y,9BcR8
eric_sanchez_94@gmail.com	"viS=$v?k65
peter_smith_93@outlook.com	/yk<8_*Kl%MEp!
joseph_thomas_1197@yahoo.com	@'0tgTPL-"x
teresa_clark_1619@outlook.com	Uh\D$;ke.Q"SqJO8P*b
jeffrey_thomas_2965@yahoo.com	CbTr!59
ethan_perez_2014@yahoo.com	gO7d88s{nWvEz*ZE
laura_perez_2298@gmail.com	}yHN/|*S@b$VN_"+Z
pamela_jackson_1186@outlook.com	]]8^}Pd
teresa_martin_828@gmail.com	?y_CJC+|@QF{
frances_martinez_2518@gmail.com	$ZhS]|MB`DZ
kevin_jackson_507@gmail.com	}''ZlP
liam_thompson_1864@gmail.com	?hL=)F]mU&+VB
sean_anderson_1959@gmail.com	/&mvY&J9U<`0
brian_white_2179@outlook.com	x_t|k.[#P,_
frank_brown_2797@yahoo.com	QJh#[fpd
timothy_brown_2019@outlook.com	Sz8Be:q
richard_garcia_120@gmail.com	!ztp$!_8j*i_
russell_thomas_408@outlook.com	\d<{<2
kelly_davis_554@gmail.com	jf6OCRA
gregory_taylor_469@gmail.com	z'?(h)&k<+tr
martha_jones_370@gmail.com	el$Ck,tP`H5T&<WR
walter_williams_1554@gmail.com	xBAv.F[xv?Bz>
daniel_wilson_2363@gmail.com	LV,RRsHi7!|X
terry_thomas_2660@gmail.com	gRHzZ;?=H
jennifer_taylor_2304@yahoo.com	|?[U5h!)
dennis_sanchez_2197@yahoo.com	4S|8rK.
jeremy_anderson_1306@gmail.com	?XOIa3*%k7tj^yMQ
mason_perez_135@outlook.com	<o}EZ9{g3,/di.x75C+
alan_smith_1188@gmail.com	E7dnIR.z[(qh5_]
nathan_miller_1749@yahoo.com	Y\ipqIDs%&
george_jackson_677@gmail.com	5SS"Y`
julie_white_2481@gmail.com	;fLfa}*s8
lori_martin_737@outlook.com	iB8u3,r_X%s
frank_thomas_498@yahoo.com	_=3Ne?{.`7HX3*R]l*
harold_martin_249@yahoo.com	4IP..NcseBJ
donna_moore_708@yahoo.com	,'6|I9_
sandra_perez_618@gmail.com	58m<kCkpd)|d
ashley_jackson_529@gmail.com	"_@*{wLoylN{1yM"Xs
diane_wilson_274@gmail.com	q^gjMGe
lauren_white_996@outlook.com	|ah)G#*0YNo(m;NX
alice_johnson_315@yahoo.com	%BgDhJugw`+
cheryl_sanchez_1137@gmail.com	2CNcz6?OVgXSU/
abigail_harris_2035@gmail.com	NkA6EFA(X25M'PZ$4;7
tyler_miller_1677@gmail.com	a\Sk;O"(n6#|
lori_perez_1661@yahoo.com	V"dhdMQq9eDa?z8:g7
shirley_lewis_1536@gmail.com	h\P'm/^6<1G=
henry_smith_436@outlook.com	H&BPfKdycQT>,/vEr
tiffany_lee_2018@gmail.com	-:Mv-?V=
kenneth_moore_2041@yahoo.com	%{!0esxfG*g*./W4
catherine_wilson_1170@gmail.com	uqiv>[?h35B7{
nicholas_jackson_1510@gmail.com	[z;uG'{q4M_sw
jacob_perez_1841@gmail.com	_'RJd\/j-_x8@O
ryan_smith_2749@yahoo.com	1DZ:03W
roy_brown_2163@yahoo.com	'\cdZJiW4E<9_y*le`,
daniel_clark_1115@yahoo.com	ZJ.5[@jF%*kFp;Y
victoria_smith_1722@outlook.com	ya]GT#DkDh\Nz
linda_rodriguez_951@yahoo.com	)w|UBvXqD8tGF
jeffrey_lee_1106@gmail.com	<:4n}SH9I
timothy_miller_1406@gmail.com	O7D5Rc\1y=M
gregory_wilson_1846@yahoo.com	jd@rnd)z*)]D
robert_wilson_2320@yahoo.com	)Y-&}<X{O
amanda_brown_210@outlook.com	>SH2a<
raymond_harris_1496@outlook.com	ZMLL6|c$x;l'MUx*lNY
teresa_davis_64@yahoo.com	O?:r{6@r>
zachary_sanchez_2585@outlook.com	8k#GW.w/q'
bobby_clark_1704@outlook.com	:U{-sN$D"|*8
laura_lewis_2207@gmail.com	E#|8=?dI1cS.)n
madison_williams_1360@gmail.com	gHLK?BS3Ic`j
charles_lewis_287@outlook.com	gEg)8f$L
jennifer_lewis_2638@outlook.com	/?'sm5`pwz
brenda_miller_1861@gmail.com	Cd$XQ3{a)WMB_0!9
mary_lee_2112@yahoo.com	a#lfEV")cH
jacob_smith_2665@yahoo.com	\Hc;;jM
scott_lee_341@yahoo.com	jP<T`erSA*
doris_thompson_513@outlook.com	KX;FD,)MnMSS.SD
ryan_jones_530@gmail.com	F5w,0V?-I2Mk.:5b$=e
terry_harris_592@yahoo.com	ht4G.9ZlTE?/j
lori_smith_81@gmail.com	hWZa!5x0e4QiX
keith_davis_2029@yahoo.com	=1Y24z
jacob_davis_1687@outlook.com	9UJ0?8$5`N!<[R6uuf
bobby_clark_1531@gmail.com	{csE*hrj6@C7cq
brian_harris_2557@yahoo.com	wN}zjUfc05Y`5V:]
gerald_clark_449@yahoo.com	{>Sb%AJ4]Y
grace_williams_1856@gmail.com	Ku,,zvE
kayla_martinez_1870@outlook.com	,KJ/*qfXRx
harold_johnson_2048@yahoo.com	pNS.:aV/zH&cn4:<
margaret_davis_1467@yahoo.com	kf.N3"C./xvtP@|Gw}5
lauren_miller_2561@gmail.com	0gzmsv$
teresa_white_100@gmail.com	$Lf4&!@o0<V
kimberly_davis_1190@outlook.com	LCs(zv]&p_67
ruth_brown_128@yahoo.com	dk[KJ;]*}[@4
charles_rodriguez_1045@outlook.com	J7mm+`T
sean_davis_2657@gmail.com	5=Oul'8(
henry_martinez_1187@outlook.com	^WxNt(
donald_lee_1837@outlook.com	[x?ODTB|k2Na
alexander_johnson_1537@outlook.com	|,f6j/R7`
sophia_lee_94@outlook.com	m-QXdf;$r\\zT=p?
frank_davis_2140@yahoo.com	3Nf@Q2fS|+JMoz`D6
adam_white_2406@gmail.com	$0n8$,>(>6l7>PCCyv|
tyler_thompson_2391@yahoo.com	:e>2)xpc8nw_%x"Z
theresa_lewis_2877@gmail.com	v{?_K2
jonathan_miller_2888@gmail.com	Sr8iG0Xvf^jk
cheryl_taylor_2368@outlook.com	$.1,EN\ZSfCVirm{P(@
jerry_brown_2737@gmail.com	M`_LPp_
jonathan_lewis_1049@outlook.com	d75LB>*.u
logan_white_502@yahoo.com	7sN$oyiI#_6
mark_moore_1430@gmail.com	w&[g4\C[|^:
betty_sanchez_1866@yahoo.com	&3Nt*;|9k^K
albert_miller_846@gmail.com	ZvG`pq)s
amanda_brown_1900@outlook.com	R'Q"v#<EHg>`@6-L_
brittany_jackson_2513@outlook.com	P,!gvnAVQ
cheryl_jackson_2358@gmail.com	Ox+Y4Rq4_
donna_garcia_2759@outlook.com	%6XnXKd4$idHuu5"y
janet_moore_2544@gmail.com	M"4^<Qm?$5
bryan_wilson_1340@gmail.com	HVI(h'a/[
carl_jackson_1896@yahoo.com	Owb/!r/i
lisa_thompson_589@outlook.com	o/TGq31N3R'4|]i
catherine_thompson_2245@yahoo.com	nI!+YHT\
amy_jackson_1060@yahoo.com	VZFbwz=WbF+_
joyce_martin_1015@yahoo.com	yqg'p1
ruth_anderson_2952@gmail.com	tD1!*\eTH
brandon_jones_1428@yahoo.com	7nPKH%a4&h?3Vv>io
katherine_clark_2737@yahoo.com	m7Vmv?TvLJ%@nkBU@$
jordan_thomas_2601@yahoo.com	mpVlhF!GZWAn*p>{][
jack_anderson_829@yahoo.com	e\C""cs`u53TR.\2z7
carl_smith_370@gmail.com	*[8?kb=
linda_brown_1517@outlook.com	lkKO>UV
shirley_sanchez_369@gmail.com	mg",(!5'PbUwRZ_
peter_harris_934@yahoo.com	6yB59`K&eTFqV]
austin_jackson_1107@gmail.com	=|m`:/Jt6i{t
ruth_wilson_1818@yahoo.com	l2^[fv
kayla_johnson_1662@yahoo.com	RRuOuW
sophia_brown_2894@outlook.com	qS\Bmwz
wayne_jones_1618@outlook.com	Zh?AaoOqnG5ZF:H
andrew_rodriguez_55@outlook.com	rH3&/xug6
dylan_harris_1411@gmail.com	TN6:!@45
melissa_williams_606@outlook.com	xX&#fh>(GbV<;
billy_davis_424@yahoo.com	0ML5gf9
donald_harris_2225@yahoo.com	0X}&Zzs8fX;i;N)bN}
carol_moore_1925@gmail.com	)ADh,t(RZ
amanda_brown_2430@yahoo.com	SB8?Xs|)=
diana_davis_1531@gmail.com	2T{8G(%zQKpJ=f
jeremy_taylor_421@gmail.com	(RM^p<9`'hy#7|^
jeffrey_johnson_1692@outlook.com	LLUKfZ'($@8g$
george_martin_653@outlook.com	ks+!pjLf"tP
betty_harris_3@outlook.com	"(UvsncDBLJ`/%
henry_anderson_2670@outlook.com	DQ!Z(whT/4T=t4qQM
nicholas_lewis_2502@gmail.com	o2u([n#jY7)au
william_jones_2096@gmail.com	:LiFcc"Bs<R]u#'WUc
keith_jackson_390@gmail.com	|$y'NWFeItH
keith_lewis_2458@outlook.com	zfow_k.DW)w%,I@S
rachel_rodriguez_1580@yahoo.com	fHD=!x[lc
dylan_jones_2890@gmail.com	}FO)6ypv2ay{ead
ashley_rodriguez_1053@outlook.com	sl@+4\:_cjo#w18
jesse_moore_2200@gmail.com	(TFE)?IC)tR
raymond_moore_1397@gmail.com	xe*ky\Z
martha_moore_472@gmail.com	hSR6vTx`Y!2EHTsW
walter_lee_966@gmail.com	)Fg.,t0BFJUjf
joseph_williams_1768@yahoo.com	_!_ndVRSIDTeIiVti
sophia_garcia_1318@gmail.com	FP)|pg@!gC"A]
david_anderson_2373@gmail.com	x4Fnm;2p<Xbfw<
teresa_williams_1955@gmail.com	>$M)6@F_vyh$Rx?%T
nicole_anderson_1754@outlook.com	N>?>vUEy5Cc=@^%MK
rebecca_sanchez_2481@outlook.com	xD?,rp>%eVMI
donna_jackson_624@outlook.com	S!*ceNKU)2R
elizabeth_rodriguez_1676@gmail.com	P%nXGkY^qWN`C
abigail_jones_1191@gmail.com	z3qe$i8
carolyn_wilson_2133@yahoo.com	RaO=O54G{(13g\R
judith_white_2807@outlook.com	1I|vdaXm.5aI:)@GM
mark_sanchez_2312@yahoo.com	(qt%bdRt2YS9at/jqS)
paul_brown_1292@outlook.com	9JjZT7UjprjkW@
shirley_white_1300@outlook.com	UsX:e*c"xW&HmXzs
jacob_smith_548@yahoo.com	i/S[:fs=P
helen_jackson_2177@gmail.com	EI-bpFfOgt.vho?N'a\
kimberly_martin_74@yahoo.com	W.|R"a1HBH
christopher_martinez_2848@gmail.com	.9|I=wI
maria_garcia_942@outlook.com	RYDR7G$@AM+_!Yx#
anthony_perez_2076@gmail.com	X0:RfY
mary_taylor_890@yahoo.com	VTb;x+u:*D7%%N(A
laura_martin_419@gmail.com	"xM*2FKjA7E_X98[w!a
isabella_williams_2898@outlook.com	lFP02FS%H[Yq
vincent_moore_357@gmail.com	`{bj%jO/>q
samantha_taylor_1438@yahoo.com	-X-1{9#Z]&V{A?G|f)3
alice_miller_691@outlook.com	BizV/1>o3B">Bw^HKY
paul_garcia_2954@gmail.com	Q-C'ee*
elijah_sanchez_955@gmail.com	_qof>F[Nz;A8j.'#
douglas_sanchez_1772@yahoo.com	t+7[\|i\!-B5d
alice_wilson_329@yahoo.com	"{so|C
doris_clark_2239@outlook.com	rR80h&a[;{7%Dbqf9sf
vincent_lee_763@gmail.com	\&*H&,o
jordan_thompson_105@gmail.com	W;#-sZ+8.
doris_moore_855@gmail.com	_3B}eX*-5P,{KlHRpV3
alexander_lee_1760@yahoo.com	*\NMzcR_^d`5f|o(BH
andrew_wilson_33@outlook.com	eO*-51wX4F;=N*
kayla_thompson_2856@outlook.com	^VY@kp^]71=(Wzf
catherine_williams_2765@gmail.com	o\}Uv\
dennis_moore_1497@outlook.com	W|u>{8s:=y#NSqroJv`
joseph_moore_1394@outlook.com	?AD>F`%8]OgvcPaB
eric_wilson_1606@outlook.com	p"b+L=_}x*CQ[0=
jeffrey_clark_70@yahoo.com	b[Jij}tVQ(#GnwPsA
beverly_white_1748@gmail.com	DIWGAQ)v_O
brandon_garcia_2818@outlook.com	A@,Vpyb(-R.,wOO
kimberly_jackson_1537@yahoo.com	9{:jjY-).E
victoria_thomas_2618@outlook.com	7bu$$3w{{H,h_r],hY
marilyn_thompson_963@outlook.com	2mml+/cC}hr[y@^O
alexander_smith_2993@gmail.com	k(!{{EA?o>JxTb
dylan_jones_237@yahoo.com	@d&.&}w\d
dorothy_clark_438@gmail.com	8)@@!bn
joan_perez_1207@gmail.com	_Y"#0d/Al(<uu(Zqr
logan_jackson_747@outlook.com	m^s)Nt\^S
gary_thompson_1927@yahoo.com	ieIC;=r,
pamela_harris_1630@gmail.com	Oe/3'||{C-VY
judy_wilson_2489@gmail.com	3#L}GmZ[cg?
zachary_johnson_289@outlook.com	*=}[SP>A
albert_harris_1755@yahoo.com	bE>\k<is`itM2i=XR(
melissa_garcia_2567@yahoo.com	J#cNf/I}/`p
danielle_thomas_2716@gmail.com	9h!l(E
megan_sanchez_1543@outlook.com	Q!}c}PZ3n70yhY9
vincent_lewis_2710@outlook.com	t2iuW;1D=n^.B5Ah<
jerry_thompson_1617@yahoo.com	j6"T'}-C>sgdb(S$##
david_lewis_353@outlook.com	gLu.3m
douglas_thomas_2783@yahoo.com	v>``p,%
nicole_martinez_2651@yahoo.com	fnOz?e2CD-#7zj{x(uY
katherine_jones_326@gmail.com	QEQH_EwFfB9{JPS{RO
emma_taylor_1654@gmail.com	Q&Y8'JX
sean_moore_328@gmail.com	z.rS4*es.|1
richard_johnson_1435@gmail.com	.oi8Lwg'\x/_W
janet_harris_70@outlook.com	3lIXdXSBkkqK0\.tL
janice_martin_517@gmail.com	PH9"|24k7{
laura_davis_74@gmail.com	V^oV=19Qcl%aI.
steven_lee_1958@gmail.com	0B:/(smAE[w}.l;m1
albert_thomas_1939@gmail.com	{r]gao(A,_hd1z-||a
virginia_white_399@outlook.com	;/}%c]pW1:C
jason_williams_338@gmail.com	;{5Rc#
christine_miller_2242@gmail.com	|.m]ZT)e#p]MTKJ
jason_williams_1605@yahoo.com	QfoN+F
joe_brown_224@outlook.com	!KJ6"qO.C
jerry_williams_1928@yahoo.com	w|]dD#y&LNP\'RM9
isabella_lewis_1709@gmail.com	g*'*(p
william_perez_2931@outlook.com	T=}9H+
alexis_wilson_1695@gmail.com	6PE<wR?C#9uBG
alexander_brown_2413@outlook.com	{oSQRiU$N=T
lucas_jackson_1624@yahoo.com	$<0DHCw
james_thomas_755@gmail.com	yY"9M*$NQC
roy_jackson_1113@outlook.com	X$VrBY_\
emma_wilson_117@outlook.com	Aush=A9*9(F2F4fvp>
david_smith_2475@yahoo.com	;ca+#ECGcZpkKk2C3Z
dennis_wilson_1687@outlook.com	d@J.aQS6Mc)
brittany_sanchez_2655@outlook.com	TK%Bl6`5V$
henry_thomas_1771@gmail.com	1?%CTs>QJT@tf*_JC46
steven_smith_1737@gmail.com	:t:dW?o0!zlUa/3]"tL
alexander_davis_1419@gmail.com	_tOhayek)}v^n5vy}
daniel_lewis_689@gmail.com	Ga1cPu4Yt[17<;>]
jonathan_smith_709@outlook.com	DmVLOGh-l[)8
raymond_lewis_2195@yahoo.com	03;;?u
carolyn_white_1193@outlook.com	H0"hky,:^U[Dh$
austin_miller_320@gmail.com	hoi3],6/#K(k;\/_kt#
lisa_smith_936@gmail.com	{MMR_Y=j6P
alan_brown_1591@gmail.com	/OA')=VT@qS4wcp/?>
randy_anderson_2081@outlook.com	be@Lp;
george_taylor_1067@yahoo.com	.}XI!.'C
bruce_lee_1502@gmail.com	KGOA4a\qAtcja}DGN09
amber_wilson_1123@outlook.com	)Xq\kR}-Bz@JCd8E#O
noah_jones_35@gmail.com	a%$#X`/
kelly_rodriguez_1926@outlook.com	FuT&)pcyJfgt",9{v0c
christine_miller_712@outlook.com	>.d[Sw2
eric_wilson_995@gmail.com	yq`L@QCM!BU{qVcn/
amanda_jones_1695@yahoo.com	GZK'jkWnz@=uY/(
steven_wilson_1068@gmail.com	['=Q`Y4Z1si<nUC
gary_johnson_693@gmail.com	x_;)Ejr&$
gabriel_white_2974@gmail.com	x5pkq*oXQI
jeremy_williams_2841@yahoo.com	e=ujl{PI?
matthew_martin_1263@yahoo.com	LW0M+b
karen_lee_843@yahoo.com	W,G{\?pjhN'I
patricia_lewis_2045@gmail.com	C5c9{,*
frank_jones_254@outlook.com	"PKN{ZI({IF7_PXc
brandon_jackson_575@gmail.com	0OkSHc$loQbX|XjyK}
terry_moore_1969@yahoo.com	rPRP8^fSG<x30sY
mary_jones_2511@yahoo.com	vH[8+i6m|kWEc
helen_white_1831@yahoo.com	nQ9upS(CxD$3*B
steven_brown_107@yahoo.com	<Pv+:Skg<(BPIXP
brian_davis_2963@gmail.com	{'tWE#Wbzx]--v
randy_sanchez_430@outlook.com	P*mC&1@jy
adam_white_425@yahoo.com	ACUx$@P3QVR3@@t)DDv
alice_miller_2255@gmail.com	qIED.1|\N-nY+j<p
samuel_rodriguez_908@gmail.com	ho"_X1'Dr
brandon_moore_2429@outlook.com	*0u]t-/4
nancy_clark_2580@gmail.com	iwe%k%2d2MA
heather_jones_638@gmail.com	b08U(1
ryan_williams_192@yahoo.com	YF/MmzB(_[t<I9
alan_thompson_2415@outlook.com	T|E;)[q,L[xO
mary_davis_2215@yahoo.com	WsgjX=/LF*i
benjamin_white_2819@outlook.com	R/R{@Q]s
jennifer_thompson_1119@gmail.com	Jx6qsn|TYM+u4
frank_thomas_248@yahoo.com	tL]JDl|,upD5p
randy_harris_1338@outlook.com	b=3G@vcg
sean_anderson_1903@yahoo.com	qb<>VUt
kelly_williams_1722@gmail.com	SX2oln{
michael_anderson_2767@gmail.com	6qp9`8L@pfzEg6sXr
judy_anderson_425@outlook.com	`COAGC.IhE.N
jordan_davis_1477@outlook.com	ymA,nMgP^<"sb@Phe
linda_jackson_2015@outlook.com	Xyl9tGkh?tv
terry_garcia_315@outlook.com	uG!we+17[.7r99
douglas_clark_2393@yahoo.com	8@`8nCV:GN2:'D^uQh\
jacob_lee_2109@yahoo.com	ACarg]<
linda_thomas_2519@gmail.com	M:vbIx1,UT1T{gQYI?U
diana_jones_2157@outlook.com	)c}`u9x*0[hQvC!5D
judy_white_134@outlook.com	ZMd_AsR{!NQn!_kn'O2
dylan_martin_170@outlook.com	jWz$:z<.aQZ(PiKw?D7
judith_perez_982@yahoo.com	8.t%$$?3$(Hjt!<K'\3
brandon_martin_1811@outlook.com	4dG]68M
elijah_garcia_2813@outlook.com	}.D[3g<Z=KVL|
diana_martin_1534@gmail.com	k%?LjvC]R
douglas_martinez_2440@gmail.com	F8vOhg
nicholas_miller_66@gmail.com	pqf%Q.;.*
pamela_davis_1749@gmail.com	$x1#K@
michelle_thomas_762@yahoo.com	E_;]}y
doris_rodriguez_2669@outlook.com	8?paK[;do7sypjp
jennifer_white_1491@gmail.com	$II1+X9(INZy.;h
maria_anderson_2154@yahoo.com	*x^F'VL2"+MgtWJXJ
helen_wilson_395@outlook.com	&\fKUOw7@:iPyv&
benjamin_taylor_2438@yahoo.com	'#UM(qeE1v
mason_jackson_320@outlook.com	jq`!uirV
ronald_martinez_1079@yahoo.com	DyDu/ei&@MOD#Ws
gregory_taylor_2197@gmail.com	9{\48H};E
henry_wilson_1863@yahoo.com	toQ{n|90
sean_white_2647@gmail.com	Wp9*1SD
mason_lee_1208@outlook.com	2#w7s\uN
keith_williams_360@yahoo.com	1o6'9n8%u_"7M*|
mary_thomas_2113@yahoo.com	myigU32Ik+Mh`{E|#
olivia_thomas_1183@outlook.com	`bD-PYYC
stephen_davis_2174@gmail.com	EU9(AKtDn$
karen_harris_2478@outlook.com	@!WJI(
amber_davis_2921@outlook.com	X0i_l@%n
debra_clark_639@gmail.com	TpO4h7
carolyn_taylor_1736@gmail.com	fbrI<@.$o?bU
donald_smith_1399@outlook.com	+]Iq=jA]1eZ8MN>?
katherine_clark_224@yahoo.com	tVZ5np3'M4q8]k8!O=r
judith_jones_502@outlook.com	rrCDH5|cyjTIG<T`bQ*
thomas_rodriguez_958@gmail.com	>B!7d-![h^R?
maria_thomas_1122@gmail.com	_-J9jh%hp
sarah_rodriguez_2206@outlook.com	U'|+4Q&=LpiU
john_davis_21@yahoo.com	xmTfxnb}:JH}YE7p8S
nancy_clark_1665@yahoo.com	Zp54"+56_qB
donna_sanchez_1935@outlook.com	S9vlSc3}-m
lori_harris_2683@gmail.com	ac[4Kx[d),wT
jerry_jackson_947@gmail.com	g&?I5r/>B1N,
emily_thomas_1811@yahoo.com	t+QsZD'iAg
amanda_thompson_176@gmail.com	VBL?y6S663}._DhcRbL
karen_johnson_2477@yahoo.com	|2^x>GwBq@a-,VO1#'
diana_anderson_2868@outlook.com	V0Y'\qk|.
nicole_taylor_2190@gmail.com	)h!LQMa5%hnE$:@!^
madison_lewis_1979@gmail.com	z@hCbe!Q<,@A
sophia_anderson_1743@gmail.com	D8&kRnK6
lori_thompson_2808@yahoo.com	>^s<Y|a'
jesse_garcia_1661@yahoo.com	tYHm-FZUW,v
kayla_brown_1751@gmail.com	&b-i0zhX%M(Ch
kenneth_lewis_2016@gmail.com	2rGm08
paul_davis_1803@gmail.com	mx')}EB(f^u&
sean_harris_2567@yahoo.com	^zEefEp'$q;weB:bUR
raymond_harris_1514@outlook.com	?K^2IC)>1*4f55
jonathan_garcia_2762@yahoo.com	Uzsnt*o77=K:4WM.M
christine_davis_613@gmail.com	>B`,V&!Q(&%Qb|9lQ
wayne_anderson_2203@gmail.com	vssY%LS=w=4^E%n#
emily_moore_827@gmail.com	\lfCY&&?s{_+J\1$
cynthia_wilson_2915@outlook.com	\Vy?N"m(
walter_clark_659@gmail.com	.)m!{'+\<9k+/p^!
paul_smith_1995@gmail.com	NLt2!^,v*a
stephanie_sanchez_1683@outlook.com	*.IAX{CvPZ]{m.0}
emma_thomas_893@outlook.com	7vi3<D!"
theresa_miller_2965@outlook.com	cl]V:Fq
sandra_wilson_2336@yahoo.com	,23C['tS<&iqzc
teresa_moore_385@outlook.com	Qq!=0]5w"N
vincent_anderson_1893@gmail.com	uYdm(r'Uu?<N/Z
frances_taylor_1872@outlook.com	suwM]mO
steven_perez_2262@gmail.com	,q*g$a'Je$
olivia_johnson_952@yahoo.com	a@9MNLR)(v"MkJ+5
christopher_lewis_841@outlook.com	chBAkGW:LG"%xCVP
katherine_miller_2960@outlook.com	68J1"{Y3Zz>XYh=y
mason_martin_1813@gmail.com	hq_e85jSx/?kO
ruth_thompson_1727@yahoo.com	kYyF!o:
thomas_brown_422@outlook.com	*<!llnwKx$X
daniel_white_472@yahoo.com	ReGU+$z`WeUGh0<ygC
tiffany_thomas_1627@gmail.com	2Zxk=k.<="sTI;{
roy_williams_2775@outlook.com	"Wm7!)
ann_garcia_576@outlook.com	Oh*SAxDQ\M`q2b
nathan_jackson_2647@yahoo.com	U1k@KVPd
kyle_johnson_490@gmail.com	YPy[lI/`|JDdf
gloria_jones_2839@gmail.com	>.1Thh-H-N,""=Vt&NV
albert_white_1308@gmail.com	FV0j9G
roger_williams_286@yahoo.com	*St]m;O:E'<yT7\:-L
george_johnson_2530@yahoo.com	8[xB>}
juan_lee_2132@outlook.com	%*JOi9'C#Pe
billy_miller_1071@outlook.com	LKK<`vN7
jessica_jackson_430@outlook.com	(-</i#FRW
anthony_sanchez_1745@gmail.com	q63lwQ,g
susan_williams_2563@yahoo.com	>&&/!1*[
jonathan_thompson_2811@yahoo.com	U$6tuV
jeremy_white_1437@yahoo.com	niX4k/l[6y$@V;
peter_jones_2251@yahoo.com	;iMB[2t%X#WaTrc
amy_johnson_1812@gmail.com	T]=AZQS*
tiffany_miller_793@yahoo.com	2#a".<zLJ`|qSEt77Iv
bruce_williams_2437@yahoo.com	_6cGT;6&d
lori_martin_685@yahoo.com	p=s''ZlE)Os%"+o[E
justin_jones_810@yahoo.com	=M4,vT^/,26]
frank_garcia_49@outlook.com	1Vd_.LE1
christian_davis_2200@outlook.com	RbU"IM7\%/BleW]d>^J
sandra_lee_2165@outlook.com	yqR7>j#yCL$U2T
carol_lee_1346@yahoo.com	kQ[_e`Ye$
anthony_garcia_2650@yahoo.com	v&0-c/gyoO,;aV$N
raymond_lewis_2653@gmail.com	UsBVZ[puM8[}baSm"3
sandra_smith_908@yahoo.com	stmpuZ"&kt2*
christopher_white_607@gmail.com	-RMvbh_{w
aaron_rodriguez_2547@gmail.com	cm9':Tyb5n
adam_jones_2849@outlook.com	89W"YU+;:%^CJCn1E5
natalie_wilson_1891@outlook.com	:#A^[GQx0s'^eMP
keith_garcia_2676@yahoo.com	!I)C,>ZZB1Ytt7K
kelly_martinez_1648@outlook.com	J+ahFNITxUuf
theresa_thompson_1236@gmail.com	dt|';h6N@
susan_martinez_569@yahoo.com	ch=9vL(13!Jc
thomas_brown_2967@gmail.com	*s@;d7/v9*4,'`Gn|I
lisa_sanchez_1746@yahoo.com	&>zTf#3ZWl|I'
katherine_williams_668@gmail.com	(hWC){`E*@>p{j_cS&`
shirley_sanchez_908@gmail.com	4!|v.xU[4X_gi|K
nancy_williams_2990@yahoo.com	WT2.xv[oSCY/`&tB
frank_miller_2782@gmail.com	jO+>O$uh
jerry_lewis_2440@outlook.com	s%PF{KO^CwqJ
angela_rodriguez_1598@outlook.com	3%:VHrw"0hj}Rub
wayne_martin_679@outlook.com	%n$ObGu
matthew_taylor_2172@outlook.com	DmBH`RVK>bSK
liam_clark_2803@gmail.com	+c@>U21/Z^
julia_taylor_2239@yahoo.com	Dc,/gs)*Z
martha_garcia_2775@outlook.com	iu5@hXgEmC%jU7#rE
brenda_davis_2454@gmail.com	I(W-EH
joan_miller_843@yahoo.com	f%|!*8../Mp|D=Kq3
christina_brown_1406@gmail.com	|M7+evVU4lu58Q9]Y+[
dylan_davis_2941@outlook.com	usTolfF
cynthia_perez_704@gmail.com	x%6R5ye
catherine_clark_2972@gmail.com	o<5r<N9L`/=4Y>6">
samantha_garcia_1556@outlook.com	o"EPbTLTuVxCRmHj
megan_anderson_1074@yahoo.com	R+rD(sFRfv0k4FDaD
terry_martin_1523@yahoo.com	;uXgiE4OZ3
larry_davis_813@gmail.com	+NKHo%8+^?\I}dc%
dorothy_garcia_1728@gmail.com	Gx.Igp-
jonathan_williams_2418@yahoo.com	fg}rT_4"9aq3
julie_miller_2777@outlook.com	;!\qy"4mC!TXB!FVPY
willie_anderson_256@yahoo.com	A07SP(2
jesse_smith_116@outlook.com	GG3[UG}5xZ")fbLsfj
brenda_smith_2585@outlook.com	wAN{-RwQ0v%PM>
brian_davis_215@gmail.com	#$R2T/Q_
andrea_thomas_1332@outlook.com	>wS<?\.AP4";G'M!
walter_martinez_2546@outlook.com	zmYF#z[`2,(Y<
theresa_thomas_967@yahoo.com	$taihDj
kathryn_williams_2181@gmail.com	3@#U)d
bryan_white_288@outlook.com	<rhH`/*`X{B(7A
charles_anderson_1730@gmail.com	/P9.ug0
martha_perez_2193@yahoo.com	,c$`_,ER{ct:I
elijah_brown_444@outlook.com	m0T{owkZq^?yK
joyce_davis_219@gmail.com	1kGfwvk]1p.i
bruce_williams_1296@yahoo.com	's4#r_\wJI+8
michelle_martinez_2365@yahoo.com	:#T_7Pp|K6EO
austin_lee_1541@outlook.com	94#cmq2kRg
evelyn_garcia_333@yahoo.com	}v0E%K0671r`vOB"Z*R
john_sanchez_2288@yahoo.com	&qn=svN&I-T
james_wilson_1081@gmail.com	|;LqhP"?ehG`qBT
emily_brown_371@yahoo.com	[Y0T"3
nancy_harris_2736@gmail.com	3W5q[Nor&P9rUc&i
amber_jones_2208@outlook.com	dRdhvnS0:zs2
doris_brown_2268@outlook.com	-E(`"@g'+][TN1$%>N7
lawrence_harris_1246@outlook.com	m_"B4D@tL*AVbV9!rt6
marilyn_harris_117@outlook.com	17u\wD58
scott_martinez_2240@yahoo.com	(qM4^}6[2Q'V?
sarah_rodriguez_385@yahoo.com	&x7d*>Q)+
matthew_perez_2814@outlook.com	_X%1-;a]|0\}3m=kC
lisa_smith_2723@gmail.com	y@ljidm.Y
sandra_white_2588@yahoo.com	D;'U*zCa%4N%_
scott_harris_1320@gmail.com	TN@>"EQh&^SeK000
shirley_taylor_1247@gmail.com	dG<Dk+5N#Pc
olivia_davis_2178@gmail.com	PrQV$uK<Usqc0F6`S2]
natalie_sanchez_2219@yahoo.com	}RWD:9
tyler_jones_2387@yahoo.com	qEp>55kzm$+M
doris_taylor_1316@outlook.com	uiu;lj2Np$p8
margaret_perez_2644@gmail.com	1mnd|,U
anna_johnson_1883@outlook.com	Vu8vuDy5$nY>?[D[&y
gary_clark_1451@outlook.com	Ggm";f"S{0
doris_smith_1353@outlook.com	|P?!o<ig)
joseph_rodriguez_947@outlook.com	X^ik'F
peter_johnson_1167@yahoo.com	`Ou!C1
karen_miller_2045@yahoo.com	@]|`G;=%-
pamela_jackson_2936@gmail.com	+6LFoQuSJX18J=
dylan_white_1717@outlook.com	nFS4:yJ^]9S0P3
wayne_harris_727@yahoo.com	d(M2oYfMe
andrea_garcia_2919@yahoo.com	4/pZ).X-E1i$r*
tyler_sanchez_2042@yahoo.com	ScGDs#xIO
joan_garcia_1001@outlook.com	gWJzMWy)Oz]g&"RQ
frances_wilson_716@outlook.com	SgNjNdsx9\3N{#W
carolyn_harris_1547@yahoo.com	H(SVm}B4hD5FUDd6M
frank_lee_1583@yahoo.com	BTTs-@N3;I
mark_anderson_1155@yahoo.com	/Nbs^O%C&
samantha_harris_2567@outlook.com	Aku'a]0;fvpMFz$
heather_lee_2829@yahoo.com	!wF+_VnuenzG-4TRNgf
joan_martinez_997@gmail.com	z?hce-@P{,/m%J|DXw
james_martinez_2708@outlook.com	cgUbU!G[
betty_harris_2647@gmail.com	|SU@BI`dO8'^
benjamin_smith_1881@gmail.com	"lOq2n[|)'LAE$_kiJT
lucas_sanchez_2520@outlook.com	yhxUy1DE*lI=x>gX
emily_smith_1894@gmail.com	|UH;nQG^4d[\|B_C
aaron_brown_2194@gmail.com	lV_LvZf.fAg0}>2)
alan_white_2141@outlook.com	{1?Xxw(lpJx
bradley_johnson_1085@yahoo.com	O\DE1Xd
lucas_wilson_2402@outlook.com	4Al4LIg6=rDnr
kelly_thomas_1731@yahoo.com	fGOWj1
lori_jackson_643@outlook.com	'd<!nb,f
noah_rodriguez_1417@outlook.com	lIqTG`x_(W
donald_garcia_2054@yahoo.com	U3.bB:EOtN5qi21Vud=
william_thomas_1101@outlook.com	N5la/]F[
willie_jackson_515@yahoo.com	*<k<'"},l'AsEzT
gregory_miller_1295@outlook.com	WPzU95s
michelle_brown_1588@yahoo.com	E2}Ke5UtW+z}|gT
justin_davis_2239@yahoo.com	x{viwu:")>v%?`s+i
evelyn_anderson_2802@gmail.com	ZqN6".d@Sz{V&
william_thomas_1148@yahoo.com	"LACu^Ow8(tCHOe:e
tyler_smith_2721@yahoo.com	di$^H0zA
randy_garcia_785@outlook.com	AQA(r$L;m\msIU4vHAP
michelle_sanchez_1107@gmail.com	ox"f(f.&w?T-WNP^
deborah_williams_181@gmail.com	M5qrQ:b6
angela_anderson_2848@outlook.com	)9r_=_ZO@r^0|N=xEY
christina_davis_2656@gmail.com	lvaGn+b$@M1}0l
judith_williams_746@outlook.com	1zw?8pBRI;O'Abr{
edward_moore_2484@outlook.com	_WXwT@4(9W
lucas_moore_2760@outlook.com	rP]i[,wwX8&JT
sophia_williams_1916@outlook.com	SEVnA)
karen_miller_1698@yahoo.com	=<o*u(
james_sanchez_2397@outlook.com	AXm=Y<=!SjW\
frank_thompson_435@gmail.com	Ot)GA;
donna_smith_1935@outlook.com	p%nnI40D5(8*E[ot
shirley_jones_37@outlook.com	/1p05/=dLZ[VJDA;KRL
grace_thomas_309@yahoo.com	1,s18&w
helen_davis_1802@outlook.com	wm8?W)AZd
jerry_jackson_2865@outlook.com	1*4lhj?*(C!M
thomas_white_2652@outlook.com	D];H=s!^j`N+qM0&WEy
larry_white_2239@yahoo.com	ETl8d8wXDp
gabriel_thomas_2623@outlook.com	/+L,656>DY$_
isabella_jackson_2162@yahoo.com	>Z2FXSi"+U
anna_taylor_1332@yahoo.com	X<$yeGFw
peter_taylor_824@gmail.com	gT\u0hYT'vXZw?g35N
sandra_brown_1729@outlook.com	$}6uw|x,5{4v8VC/r
brian_lewis_1024@gmail.com	EW!zcQgAn?7%:/
andrea_harris_1898@outlook.com	-84>s*F}k
stephen_moore_2747@gmail.com	D*]\TuG=]NK+81}gy
michael_harris_2242@outlook.com	qsdDa>Di4It$xUpY&8
helen_martinez_1797@yahoo.com	b#-j%X/[
austin_taylor_2762@gmail.com	|x1P&MeSk9Nzlz/C6
gary_williams_1946@outlook.com	qH>nPXnIGswDkv<
sophia_clark_147@outlook.com	P#yh-0@dgm
julia_jones_750@gmail.com	GPV#mFm%
caleb_wilson_2920@gmail.com	12o+&UvLM|#y)z1
lawrence_jackson_2399@gmail.com	4`H^UG@ptMz^}
gregory_wilson_2795@yahoo.com	\qQwk4
amber_wilson_1090@gmail.com	Y^:9LVe;q*Gi7Ic
hannah_miller_277@outlook.com	'z7rl_b)]jf$20s
kathleen_smith_612@gmail.com	hV3P\4Y>K@H+T#&W=
stephanie_taylor_1968@gmail.com	J[Vbu}P5qjm_Nf'
vincent_wilson_2607@yahoo.com	Yb5gAW|P&J^7;
samantha_johnson_2335@outlook.com	'Sy;p}5x]x9s'-UM
sharon_harris_2698@outlook.com	/rNRxI7rMcV?6L+)
anna_white_1224@yahoo.com	!mZnmN;/<Tl,%
jennifer_lewis_985@gmail.com	)+qkc$W}>Bzp/;#Ag
ashley_lewis_2440@yahoo.com	:fBe6by9M=9r(kyOjz,
thomas_miller_1750@gmail.com	}<olBT;po[tF>w
sean_smith_1289@gmail.com	*Up#l.vC7N%?Sk\&?cR
thomas_thomas_963@gmail.com	5{V2;(|9r)\";042#
heather_perez_1341@yahoo.com	qtbZQE@k[gm`y<\y
nicholas_rodriguez_2209@yahoo.com	]#"N9@R'}9I8pE
roger_garcia_2542@yahoo.com	>p)FiTWMQJNFhS
debra_jackson_2313@gmail.com	>l_z<[/;Wc
amy_williams_2530@yahoo.com	]Yz&n"fksNn`3A@,<%
stephen_taylor_1187@yahoo.com	uKaj}<)[]Vz?K
victoria_jones_917@outlook.com	\f7J^\"E#J0t
olivia_brown_290@gmail.com	eL|dZ(Jow*R5!mM|p1
amber_lewis_2861@gmail.com	Y?SlGQQIDY\NF"j
cynthia_white_1383@gmail.com	%8b9M>avlM%kXwf<b1
dennis_thomas_1043@yahoo.com	>ZS_3+t:U6
kathryn_garcia_793@yahoo.com	A{gNFT
shirley_jackson_2204@outlook.com	vd}6p#BTW3nT%R
carolyn_clark_127@gmail.com	3/"J,&Eo}]KH
eric_johnson_517@gmail.com	9t?*Z"j}?-<<[was<[
ann_perez_2322@gmail.com	uV-hPCT,>o
heather_davis_2058@outlook.com	YV7+L0Db']ch
amber_thompson_2695@gmail.com	<Es[QnaGs!DH8$K?gRg
patrick_taylor_1816@outlook.com	ND40$jmPSDy4e]NP&$
lauren_white_2381@outlook.com	O^7;NRV0'd^|V
gregory_lewis_2852@outlook.com	,Cgu'rE2n
gloria_miller_2879@yahoo.com	S,[DJ{'
alexander_brown_193@outlook.com	7(!}*oRQ<d>8*0D3W:
amanda_jackson_2834@gmail.com	_89Awo<!pNK$@fRQ4
samantha_moore_2882@outlook.com	EQ(@ab#
john_wilson_1319@outlook.com	r;J=;zEy?e
michael_jones_1305@outlook.com	O->-_62Cj
amy_lee_2516@gmail.com	O-Vd?{
natalie_clark_1759@gmail.com	>>5%Ey
grace_thomas_2885@outlook.com	8o?>5pfR$^Qr'!s[(
douglas_williams_424@yahoo.com	lF8gz?OUk]*
mason_perez_1070@outlook.com	z3kcE%>>
deborah_white_2437@yahoo.com	5p)p#,f|Y$YQ3kCkXvo
carl_brown_5@yahoo.com	HpOUc:?[)Sir_0!ce
jacob_martinez_919@gmail.com	9,p7Sr
sandra_wilson_578@gmail.com	]'J8|oqZ&S`tA[:
jose_martinez_24@outlook.com	RZGJiYcD|\rk@ixjl
paul_lewis_1292@gmail.com	VeR5Zba
madison_harris_1273@yahoo.com	\=EDIf<XY-sF?y
andrea_davis_966@yahoo.com	Ek>m_3kxA!`
charles_lewis_1609@outlook.com	Q%)d!/e->Fw(Nw0)R|C
rebecca_wilson_862@yahoo.com	v}gqlYV2>
laura_harris_81@yahoo.com	,L6[_CmWI4!mB&[*
joshua_davis_1299@gmail.com	kNOOA>"o:Pt^,
tyler_wilson_1178@gmail.com	vx9xFQfc}($lNL"$]sB
angela_lee_442@gmail.com	dQw!.?W
jordan_anderson_495@yahoo.com	]9rs)fc{,wUkE
richard_sanchez_149@outlook.com	m!Y`gyM8WL
gloria_miller_1879@gmail.com	I_N>{&/cw2(JoTMMHkm
daniel_anderson_2685@gmail.com	8w72T))#:(1
anna_martinez_1405@yahoo.com	'?c|a*#b2043fb!]
kelly_anderson_1817@yahoo.com	Nu]pV}\fWq[
gerald_harris_1907@outlook.com	&_<`WOfY-Pp`o,.>#Yx
brenda_white_2108@gmail.com	dNqC{3\h&=
denise_miller_2376@yahoo.com	uY"l{Wp9d["VP19
austin_williams_810@gmail.com	xuO#BrW}
edward_taylor_438@outlook.com	?(I8RjIbl]Q
liam_taylor_2305@gmail.com	+Q>Xl"c
david_martinez_1180@yahoo.com	QS!I[7+R)%/vj
ethan_lee_2222@gmail.com	`$V**]9b@&O;
rachel_martin_2343@outlook.com	+'ZB+HUYp-j
sandra_taylor_1856@yahoo.com	<$!_hGHzXN|
shirley_moore_2627@outlook.com	V'Rm7&(Uucr>?yB"|\P
lori_perez_1094@yahoo.com	x|8WtKm=[`,g
gloria_jones_341@gmail.com	J)4e\<&j-9FYQ2
jerry_lee_900@yahoo.com	RP#[95ZJ#DoV_
elijah_white_2786@yahoo.com	AhL[<}\
angela_taylor_1449@outlook.com	CI:?l'iby\}
doris_davis_1118@gmail.com	:xz,?{xREt(zt0(
walter_jones_222@yahoo.com	/9\`M|
arthur_garcia_1465@gmail.com	/]?_fEZm{
jeremy_harris_2293@yahoo.com	y71oVH33Hx&enkh
isabella_jackson_837@gmail.com	{hK_W7.4Wq
julia_anderson_2617@yahoo.com	[6<?7FPm&nFfizVT
edward_wilson_333@gmail.com	G[(Ax,1lP
peter_anderson_1924@yahoo.com	Un\K\4bu8"x=j4#
theresa_sanchez_1622@gmail.com	Q'4_w+DY^)HAIWU%
terry_harris_2980@outlook.com	1\O&nM/
beverly_clark_1691@gmail.com	>3Z)!K.DOXH8@J]NgT+
stephen_thomas_1247@yahoo.com	4VT2NWCJ
virginia_lee_2307@gmail.com	Qh[pr7@$
sharon_thompson_1551@yahoo.com	r4`}*Z^}\-*9tg
charles_miller_1269@yahoo.com	<-r1`maW@9aC
kayla_jones_1552@gmail.com	iWb"wN{prf[um}|
brian_garcia_2681@yahoo.com	@S}'6(q2
bruce_moore_1564@outlook.com	)?)_fhalfDV!
charles_jackson_186@gmail.com	e`XD@Gd+Y
peter_williams_651@gmail.com	9['ZOAR%
judith_perez_1516@gmail.com	U]J,W@j}4l.=m
danielle_martinez_349@yahoo.com	/cQ$pb[o@
ashley_moore_457@outlook.com	K,+{cUqz<8G5'1=Da
emily_johnson_1388@outlook.com	_0n8r2t3V|
brian_taylor_1851@yahoo.com	z5vJv0Yn*}]L
elizabeth_moore_2767@gmail.com	gb]kJDpqK
nicole_harris_2837@gmail.com	-e@ciGPg
virginia_miller_65@yahoo.com	?#.FYR=g
theresa_perez_1555@outlook.com	'+|9O[t"3RZ!sc+|)
tiffany_anderson_2965@yahoo.com	?AQuR3z
christian_wilson_1418@yahoo.com	!NS81'oHk!T_Cs/G^d
diana_taylor_2594@outlook.com	}!u$X"re:
nathan_moore_379@gmail.com	VYSpBd
angela_thomas_2864@yahoo.com	Q8&Bv6?l/;+
albert_davis_34@yahoo.com	uLgs6,r
pamela_martin_144@outlook.com	=df\|:CT=_>P],`y
mark_williams_2149@yahoo.com	HZni'QgYzEZ`8WHvwNH
vincent_jones_214@yahoo.com	\cWySTd;!-aR7n9t
julie_harris_898@outlook.com	sbo^8>oC8|u`
patrick_johnson_848@gmail.com	CZ7O7>w<WhI:`Ep!UN
bryan_jackson_2131@outlook.com	4E\/Wo^g
jose_smith_764@yahoo.com	VH&:,Ss!Y!";i/B8e
keith_lee_2438@yahoo.com	_wI;?gxNFD`)
jessica_sanchez_644@gmail.com	F3;k(RMS,&ZOPvPHXD
nicholas_miller_2298@outlook.com	+[`YitoW^$g@o@
samantha_miller_753@outlook.com	1e>>3"x$I&4|zHg&5
megan_white_2348@yahoo.com	5UX=[a[N;:ri-
wayne_brown_2910@yahoo.com	-jmh[/&y3T0@nS^dJ
mary_jones_464@yahoo.com	nv,Dsn"3
bryan_davis_1583@gmail.com	XURy''y=]vL
gary_miller_1023@yahoo.com	F\v#EtsA=}EK
nicholas_martinez_321@outlook.com	*-+kQXz6\|^YcQ
carol_martinez_2688@yahoo.com	3Q6ONy!D2@P
thomas_white_1985@yahoo.com	4Qj2-}6}<z_TMQ&FauT
sarah_wilson_1156@yahoo.com	N<t|v4$VwY
nicholas_martinez_1598@gmail.com	.?l3mBoZ3Ug5ZUQY#I5
heather_perez_2992@yahoo.com	{-dzfuqBS
anna_rodriguez_1126@gmail.com	5AI}7({qkD!R
megan_jackson_578@gmail.com	6KXkO2x
patrick_garcia_1239@yahoo.com	=;l8`cl>VnZ<{guJ
kathryn_lee_1063@outlook.com	#eVzR8&i
diana_lee_2700@yahoo.com	1;R.ZgB8lePXQ
sara_perez_1968@yahoo.com	rT<q%aN8
debra_thomas_2613@gmail.com	r,6}h_Zr,3
beverly_garcia_1346@yahoo.com	l%2)+0tZ
lucas_clark_309@yahoo.com	9h%.iXHM(lVnSs6*
christina_johnson_221@outlook.com	JZanazMU#N&,Tk2`o\y
wayne_wilson_555@gmail.com	6$y4FIpWgt_
joe_davis_1290@gmail.com	+Qr68T|&N5tD>>@5q4a
ethan_lewis_648@gmail.com	3<Dfu9a%A|;^'!o
jeremy_davis_2164@gmail.com	][G85qIr,BNN|)!9*k
lori_martinez_830@gmail.com	y{/tc`z!a>O74fj:Y!
bobby_williams_1729@outlook.com	$+IxS[z}
tiffany_jackson_1512@gmail.com	55<1&Va{d^GvKQ\$Y3K
hannah_lewis_1076@yahoo.com	><Xgyh,D2lO[
joe_moore_2796@gmail.com	6/tU:>L
kathryn_lee_951@gmail.com	]DEcMVY+Mg8Uf>Y
linda_rodriguez_1151@yahoo.com	LDh74k
natalie_jackson_108@yahoo.com	:>YhWFo
keith_miller_462@outlook.com	S3rv|WZ
billy_rodriguez_1542@gmail.com	)/|+|{!BjQ
samantha_anderson_2270@outlook.com	,(g|sl[9]LSmo8
jacqueline_rodriguez_147@yahoo.com	sI*dnN}fRwWIxo>b
eric_perez_2347@outlook.com	rFM|B4
jessica_davis_1137@yahoo.com	\fHZ4BpuDvFt]-z
brian_lee_471@yahoo.com	tXOfUM
mary_thompson_889@outlook.com	*ueuFVbISw1QG6la
cheryl_jackson_1362@outlook.com	lf_w7AKZTg\cK$\3
steven_lewis_2408@outlook.com	2vm,k?1{"r#,??=u
jeffrey_perez_2908@yahoo.com	E^j'"T
kyle_thomas_2868@outlook.com	hHRftI:<)DY[R7YhTh{
karen_clark_1830@outlook.com	We(/"%P&!MHq)
doris_taylor_2289@outlook.com	#v6V'sM,7pR0vlW}X#
victoria_white_2112@gmail.com	P"-pzR$mYi
angela_jackson_561@yahoo.com	pK;XAI|6Y!#Kk<n[3x8
charles_perez_2220@gmail.com	=@^fLCrnyLF=AB
jesse_brown_2604@gmail.com	bPx-U}CS`{(>>hJ(j
olivia_wilson_1605@gmail.com	]x\sF(n/;^"*LaB43
olivia_jones_166@gmail.com	iwovh3P@
natalie_martin_2827@yahoo.com	8SY&ruuXSA#aNmF(3z%
matthew_moore_2081@gmail.com	O0n;Z2[_+4H
michelle_johnson_507@outlook.com	H`K!}if')2mN9o1DE"
kayla_thompson_2095@yahoo.com	aVW)a&
ronald_johnson_1558@gmail.com	8Fv&zrda0N&'AJAZ
grace_martin_173@yahoo.com	,0DeBmT4n?A
alice_clark_38@gmail.com	33j"k`+V7CHqhl`C`h
karen_brown_844@outlook.com	ukguGm
dylan_brown_2018@yahoo.com	NgaR36#oUj#
kenneth_lee_2452@gmail.com	"(zUaC9LAe$
emma_miller_2790@gmail.com	N"k4hki=##B{fMXOH
roy_clark_2902@yahoo.com	]hXV&GnzAmf5&so{k<
pamela_perez_2051@gmail.com	7%Oj{g.&lo2j<9nnmnG
kyle_garcia_2271@outlook.com	oj+wUh3m]W`Ciy'SW{
lucas_rodriguez_1624@outlook.com	H=Yn@N+
arthur_anderson_412@yahoo.com	wq(MLz&ar$
janice_perez_291@gmail.com	!hExTxkSeU`-Eu<
ethan_brown_1562@outlook.com	]Ipk2LTu
amber_lee_2707@gmail.com	O-X/TD7
gregory_thompson_2814@yahoo.com	hTf9[;{!yEG
virginia_wilson_741@gmail.com	LvQh5=G
grace_miller_2898@gmail.com	CSjP)E-TP^Jb
dennis_garcia_600@outlook.com	ghJ#!]>^"
larry_smith_1174@outlook.com	9;q98+^/_`M"a:o#y>F
linda_johnson_224@yahoo.com	;3u)/-@(lD``LT
roy_brown_1983@yahoo.com	|"${w8Q?]imh+Fpi
diana_thompson_312@gmail.com	\;HCx#;RhR*WMbRW
bradley_lewis_1663@gmail.com	<!eY{I'=g
katherine_garcia_2334@outlook.com	,g$yQ1Xcx}cU;NrG8WC
william_jones_1165@gmail.com	7ur1p8L)Mi`
karen_harris_1310@yahoo.com	<Yz[Op0?j7P
lauren_lee_2177@yahoo.com	%q=R1cqdEe7[9K
roger_lewis_1521@yahoo.com	J8"x2$ZL8<x&
jacob_clark_2711@gmail.com	Lraz*Q@kAu>N
gloria_smith_1002@outlook.com	P{fG{$$
barbara_davis_2175@gmail.com	WOy{V^).nTZ
martha_williams_2348@yahoo.com	+qrV'C[>lkj
amber_lewis_396@outlook.com	VzI7<+&o`Ed
brandon_wilson_1202@outlook.com	.?//8S,aQ{w#J+p{N=
jean_harris_1978@gmail.com	4`&p4KGl1Ftr_
timothy_moore_2897@gmail.com	@_xZ>Tz.'ZVmXp_\-|h
patrick_davis_2819@gmail.com	qN14BhZA3%rc
jessica_clark_1140@yahoo.com	}",HzIA#e[g\$[u;,W
maria_rodriguez_1053@outlook.com	Ni>nOU$_towY2D%
logan_smith_1881@gmail.com	^`vfhJgGu|
willie_lee_1306@outlook.com	Ev+C;hMJPMuZ8
alexander_lewis_586@gmail.com	'%OvPW<o$!8uP
mark_harris_1646@gmail.com	zRWHqu$
alan_taylor_2483@gmail.com	Qxv/Cd*5]K}(?+b
rebecca_johnson_2235@yahoo.com	<nJ|&TO=ZsHA
bradley_lee_77@gmail.com	7|;a1TWXnXqv,
michelle_thompson_130@gmail.com	4qK4/e]]x,i
susan_thomas_1692@outlook.com	V)_>T+
helen_williams_2249@gmail.com	C}Al\C
mark_jackson_1244@yahoo.com	C/<bv*v"Z.hZ
maria_thompson_2664@gmail.com	)O?MOf*_GPI
eric_lewis_1579@yahoo.com	e49ya}c37u?#z;zy
anna_miller_861@gmail.com	.V,sb!!8&
bruce_martin_1774@yahoo.com	99u<{f*c;e*DV\
helen_clark_2393@yahoo.com	0WEzH&J%TD'w^
kimberly_lewis_302@yahoo.com	=s0'PH}/VyC;slHL!
laura_clark_1737@yahoo.com	yS-!E#z}[VA]}@
laura_jackson_823@gmail.com	)Cb:k79[i#?{'t:Jv#
jack_brown_847@yahoo.com	r./>H-6!<=
janet_davis_729@outlook.com	`_:n.ag@-r,dv$q,
noah_williams_1498@gmail.com	:xxKqsmJt1zvz`
willie_davis_1506@gmail.com	t9jZ&EKAr3:nwP
virginia_moore_2642@gmail.com	V.D+*CdfB
eric_williams_1596@yahoo.com	L^MG/_4Q;{[
ashley_garcia_2554@yahoo.com	`S%Aj_6j\h^rd(X.
joseph_davis_1750@outlook.com	PC',;S$MqNc+Q
doris_lewis_2220@outlook.com	pB?`&fC
sarah_jones_587@yahoo.com	A|R#g;dL<cwn;<nb8
nathan_thompson_90@gmail.com	3]8Q0u_KY1ozQmWHcr;
paul_miller_2121@gmail.com	bf@-*:(@"I
christian_johnson_1554@outlook.com	K*Bw7fyR2O/K{Xb9
frank_smith_1335@yahoo.com	<Yp"qLg$7^Eq
keith_sanchez_998@yahoo.com	`2R?BV,
bryan_moore_2234@outlook.com	%vt\|&W
tiffany_brown_2724@gmail.com	/Wj=Uj?3cn^
nancy_garcia_1268@yahoo.com	pi&g@59F52Gl
carol_garcia_134@gmail.com	5d;z\f\IM/Z[S/7
sara_garcia_1027@yahoo.com	kcz&R/7JPG#K
lauren_anderson_1406@yahoo.com	WmUu(Ek0*;[+i>$V
mary_brown_451@gmail.com	6wEF=|2
grace_johnson_527@outlook.com	Df2lCH/V0y@C!wLi
julia_jones_2777@outlook.com	y]+*u2(?3,q.xa
benjamin_johnson_2166@outlook.com	^ka6o7#5^
keith_martinez_1959@gmail.com	-`i/u\HH>
brian_sanchez_147@outlook.com	E_LRDToDg*K,2eXi
jessica_lewis_986@yahoo.com	YbP&sEr7
ronald_lee_2284@outlook.com	msn2-i
brandon_lee_985@outlook.com	66+F&.%#v")4
dylan_smith_480@gmail.com	xQ-xq7jv:a*Ffh[
sarah_lewis_2723@yahoo.com	%rt#_x({Ni
karen_white_552@yahoo.com	)^0[1QFrBfm6ty
kathleen_williams_279@gmail.com	#Gb6Is:mvU
laura_miller_2810@outlook.com	z%zH>%uDv$u)CXcPv<
christopher_white_907@outlook.com	'<tf77fC,[Y9x0#x)+
gary_perez_641@yahoo.com	cVTolMn:6.@*6m
jose_garcia_1471@gmail.com	c@Xq-PnpaN,$+FKgu
patrick_jones_2352@yahoo.com	zaXG,ZGNBY'WFd
diana_taylor_840@gmail.com	\Ii+joXQV@xuZ
kathleen_johnson_2008@yahoo.com	y}P'S{v5tID>y
bobby_garcia_2896@yahoo.com	Y>[_qQ6PN5^jP/
raymond_lewis_634@outlook.com	|T)gDh#+||jF$sg-F.;
grace_lee_487@gmail.com	}JGwasNr\Ai?<
debra_garcia_1759@outlook.com	)MU)T0*#G7n4au
matthew_davis_1693@outlook.com	|Z=Zl?y*W&#
madison_brown_1185@gmail.com	uX)d6'061Vi5cL}ey[
emma_thomas_2386@outlook.com	/Ct30HT=iM)S|3QYx%
benjamin_perez_326@outlook.com	!U">YM
danielle_brown_320@gmail.com	A(<gg9FnVBM#Loy(,D6
michelle_smith_856@gmail.com	v0`j}-Fdb,hM<4gs
victoria_miller_189@outlook.com	Z]c49;QBK!,"{4JX[
helen_perez_2573@yahoo.com	HV!GA_V
kimberly_thompson_966@yahoo.com	ZSjf>!
dennis_thomas_2084@gmail.com	^Y+R{k6
martha_jackson_303@outlook.com	UCv[fe/Ebkzu)k
pamela_taylor_1100@yahoo.com	"Mg9q5lG5pS);M
stephanie_johnson_2423@yahoo.com	'YT}mL*G7uy
judy_jones_1783@gmail.com	V=EvHYdlj5j>C(*c
